-- Voyages - Données de test pour PostgreSQL/SQLite
-- Dates converties depuis TO_DATE Oracle vers le format ISO 'YYYY-MM-DD'

-- Table Voyage
INSERT INTO Voyage (idV, villeArr, paysArr, villeDep, hotel, nbEtoiles, duree) VALUES (100, 'ISTANBUL', 'TURQUIE', 'BORDEAUX', 'ANTIQUE', 5, 5);
INSERT INTO Voyage (idV, villeArr, paysArr, villeDep, hotel, nbEtoiles, duree) VALUES (105, 'DAKAR', 'SENEGAL', 'PARIS', 'ESPADON', 3, 6);
INSERT INTO Voyage (idV, villeArr, paysArr, villeDep, hotel, nbEtoiles, duree) VALUES (110, 'MARRAKECH', 'MAROC', 'PARIS', 'EL ANDALOUS', 3, 5);
INSERT INTO Voyage (idV, villeArr, paysArr, villeDep, hotel, nbEtoiles, duree) VALUES (120, 'MARRAKECH', 'MAROC', 'MARSEILLE', 'EL ANDALOUS', 3, 4);
INSERT INTO Voyage (idV, villeArr, paysArr, villeDep, hotel, nbEtoiles, duree) VALUES (122, 'LIMASSOL', 'CHYPRE', 'PARIS', 'ELIAS BEACH', 5, 4);
INSERT INTO Voyage (idV, villeArr, paysArr, villeDep, hotel, nbEtoiles, duree) VALUES (200, 'MARRAKECH', 'MAROC', 'STRASBOURG', 'KENZI CLUB', 3, 5);
INSERT INTO Voyage (idV, villeArr, paysArr, villeDep, hotel, nbEtoiles, duree) VALUES (201, 'AGADIR', 'MAROC', 'TOULOUSE', 'TRANSATLANTIQUE', 4, 6);
INSERT INTO Voyage (idV, villeArr, paysArr, villeDep, hotel, nbEtoiles, duree) VALUES (202, 'NAIROBI', 'KENYA', 'TOULOUSE', 'TRANSATLANTIQUE', 4, 6);
INSERT INTO Voyage (idV, villeArr, paysArr, villeDep, hotel, nbEtoiles, duree) VALUES (321, 'FEZ', 'MAROC', 'MARSEILLE', 'DAR AL BAHAR', 4, 6);
INSERT INTO Voyage (idV, villeArr, paysArr, villeDep, hotel, nbEtoiles, duree) VALUES (354, 'BOMBASA', 'KENYA', 'MARSEILLE', 'SAFARI JAMBO', 4, 7);
INSERT INTO Voyage (idV, villeArr, paysArr, villeDep, hotel, nbEtoiles, duree) VALUES (792, 'MARRAKECH', 'MAROC', 'PARIS', 'KENZI CLUB', 3, 5);
INSERT INTO Voyage (idV, villeArr, paysArr, villeDep, hotel, nbEtoiles, duree) VALUES (857, 'ISTANBUL', 'TURQUIE', 'PARIS', 'ANTIQUE', 5, 6);
INSERT INTO Voyage (idV, villeArr, paysArr, villeDep, hotel, nbEtoiles, duree) VALUES (860, 'SEVILLE', 'ESPAGNE', 'MARSEILLE', 'EL ALMARANTE', 5, 4);
INSERT INTO Voyage (idV, villeArr, paysArr, villeDep, hotel, nbEtoiles, duree) VALUES (861, 'VICTORIA', 'ESPAGNE', 'MARSEILLE', 'CARLTON', 5, 3);
INSERT INTO Voyage (idV, villeArr, paysArr, villeDep, hotel, nbEtoiles, duree) VALUES (862, 'AGADIR', 'MAROC', 'MARSEILLE', 'ATLAS', 4, 4);
INSERT INTO Voyage (idV, villeArr, paysArr, villeDep, hotel, nbEtoiles, duree) VALUES (865, 'CASABLANCA', 'MAROC', 'MARSEILLE', 'BELLERIVE', 4, 6);
INSERT INTO Voyage (idV, villeArr, paysArr, villeDep, hotel, nbEtoiles, duree) VALUES (866, 'CASABLANCA', 'MAROC', 'LYON', 'BELLERIVE', 4, 7);
INSERT INTO Voyage (idV, villeArr, paysArr, villeDep, hotel, nbEtoiles, duree) VALUES (867, 'LISBONNE', 'PORTUGAL', 'MARSEILLE', 'MONDIAL', 3, 2);
INSERT INTO Voyage (idV, villeArr, paysArr, villeDep, hotel, nbEtoiles, duree) VALUES (869, 'RABAT', 'MAROC', 'MARSEILLE', 'HASNA', 3, 3);
INSERT INTO Voyage (idV, villeArr, paysArr, villeDep, hotel, nbEtoiles, duree) VALUES (927, 'LARNACA', 'CHYPRE', 'PARIS', 'OLD BRIDGE', 4, 4);
INSERT INTO Voyage (idV, villeArr, paysArr, villeDep, hotel, nbEtoiles, duree) VALUES (952, 'NAIROBI', 'KENYA', 'PARIS', 'BAMBURI', 3, 6);
INSERT INTO Voyage (idV, villeArr, paysArr, villeDep, hotel, nbEtoiles, duree) VALUES (955, 'VICTORIA', 'KENYA', 'PARIS', 'SHERATON', 4, 6);
INSERT INTO Voyage (idV, villeArr, paysArr, villeDep, hotel, nbEtoiles, duree) VALUES (972, 'AGADIR', 'MAROC', 'PARIS', 'TRANSATLANTIQUE', 4, 6);

-- Table Client
INSERT INTO Client (numCl, nom, prenom, adresse, cp, ville, categorie) VALUES (2101, 'BARBIER', 'NICOLAS', '12 RUE DU CHERCHE MIDI', '75008', 'PARIS', NULL);
INSERT INTO Client (numCl, nom, prenom, adresse, cp, ville, categorie) VALUES (2102, 'BARTHALOIS', 'MYLENE', NULL, '13100', 'MARSEILLE', NULL);
INSERT INTO Client (numCl, nom, prenom, adresse, cp, ville, categorie) VALUES (2103, 'CHASPOUL', 'AUBIN', NULL, '13100', 'MARSEILLE', NULL);
INSERT INTO Client (numCl, nom, prenom, adresse, cp, ville, categorie) VALUES (2104, 'CORTES', 'SEBASTIEN', NULL, NULL, 'PARIS', NULL);
INSERT INTO Client (numCl, nom, prenom, adresse, cp, ville, categorie) VALUES (2105, 'COUMES', 'STEPHANIE', '20 RUE MILTON', '75009', 'PARIS', 'PRIVILEGIE');
INSERT INTO Client (numCl, nom, prenom, adresse, cp, ville, categorie) VALUES (2106, 'FERRIER', 'JEAN-PHILIPPE', '26 RUE RODIER', '75009', 'PARIS', NULL);
INSERT INTO Client (numCl, nom, prenom, adresse, cp, ville, categorie) VALUES (2107, 'GALERA', 'AXELLE', '60 RUE CHAPON', '75003', 'PARIS', NULL);
INSERT INTO Client (numCl, nom, prenom, adresse, cp, ville, categorie) VALUES (2108, 'GANDELLI', 'JEAN-BAPTISTE', '70 RUE SAINT HONORE', '75001', 'PARIS', 'PRIVILEGIE');
INSERT INTO Client (numCl, nom, prenom, adresse, cp, ville, categorie) VALUES (2109, 'GELIBERT', 'CLAIRE', '20 BOULEVARD SEBASTOPOL', '75001', 'PARIS', 'PRIVILEGIE');
INSERT INTO Client (numCl, nom, prenom, adresse, cp, ville, categorie) VALUES (2110, 'GUZIK', 'DANIEL', '360 BOULEVARD NATIONAL', '13003', 'MARSEILLE', 'PRIVILEGIE');
INSERT INTO Client (numCl, nom, prenom, adresse, cp, ville, categorie) VALUES (2111, 'JAROLIM', 'THOMAS', '21 RUE DOIZE', '13010', 'MARSEILLE', NULL);
INSERT INTO Client (numCl, nom, prenom, adresse, cp, ville, categorie) VALUES (2112, 'LA SALA', 'GUILLAUME', '6 TRAVERSE MALVINA', '13012', 'MARSEILLE', NULL);
INSERT INTO Client (numCl, nom, prenom, adresse, cp, ville, categorie) VALUES (2113, 'LAMIGEON', 'FABIEN', '30 RUE ANNONCIADE', '69001', 'LYON', 'BON');
INSERT INTO Client (numCl, nom, prenom, adresse, cp, ville, categorie) VALUES (2114, 'LAMY', 'SEBASTIEN', '3 PLACE CROIX PAQUET', '69001', 'LYON', NULL);
INSERT INTO Client (numCl, nom, prenom, adresse, cp, ville, categorie) VALUES (2115, 'LATCHIMY', 'RUDY', '2 QUAI SAINT ANTOINE', '69002', 'LYON', 'BON');
INSERT INTO Client (numCl, nom, prenom, adresse, cp, ville, categorie) VALUES (2116, 'LIBERATI', 'JORIS', '80 COURS LUZE', '33300', 'BORDEAUX', 'PRIVILEGIE');
INSERT INTO Client (numCl, nom, prenom, adresse, cp, ville, categorie) VALUES (2117, 'MAGAUD', 'EVE', '9 RUE PORTE BASSE', '33000', 'BORDEAUX', NULL);
INSERT INTO Client (numCl, nom, prenom, adresse, cp, ville, categorie) VALUES (2118, 'MARIN', 'HUBERT', '13 BOULEVARD ANDRE AUNE', '13006', 'MARSEILLE', 'BON');
INSERT INTO Client (numCl, nom, prenom, adresse, cp, ville, categorie) VALUES (2119, 'MIETLICKI', 'PASCAL', '36 RUE PERRIN SOLIER', '13006', 'MARSEILLE', NULL);
INSERT INTO Client (numCl, nom, prenom, adresse, cp, ville, categorie) VALUES (2120, 'PEYROCHE', 'ARNAUD', '7 RUE JEAN MERMOZ', '13008', 'MARSEILLE', NULL);
INSERT INTO Client (numCl, nom, prenom, adresse, cp, ville, categorie) VALUES (2121, 'POTIER', 'NICOLAS', '10 RUE COURCELLE', '75008', 'PARIS', NULL);
INSERT INTO Client (numCl, nom, prenom, adresse, cp, ville, categorie) VALUES (2122, 'ROGGERO', 'GUILLAUME', '57 RUE PIERRE CHARRON', '75008', 'PARIS', 'BON');
INSERT INTO Client (numCl, nom, prenom, adresse, cp, ville, categorie) VALUES (2123, 'TARAS', 'SEBASTIEN', '68 RUE DANZIG', '75010', 'PARIS', 'BON');
INSERT INTO Client (numCl, nom, prenom, adresse, cp, ville, categorie) VALUES (2124, 'TASSARA', 'NICOLAS', '5 IMPASSE LABRADOR', '75010', 'PARIS', NULL);
INSERT INTO Client (numCl, nom, prenom, adresse, cp, ville, categorie) VALUES (2125, 'TORRES', 'ALEXANDRE', NULL, '75011', 'PARIS', NULL);
INSERT INTO Client (numCl, nom, prenom, adresse, cp, ville, categorie) VALUES (2201, 'ALLEMAND', 'GREGORY', '24 RUE DAVIEL', '75013', 'PARIS', NULL);
INSERT INTO Client (numCl, nom, prenom, adresse, cp, ville, categorie) VALUES (2202, 'BENSALAH', 'MALEK', '12 RUE SIMONE WEIL', '75013', 'PARIS', NULL);
INSERT INTO Client (numCl, nom, prenom, adresse, cp, ville, categorie) VALUES (2203, 'BEUF', 'FRANCOIS', '12 RUE ALPHAND', '75013', 'PARIS', 'PRIVILEGIE');
INSERT INTO Client (numCl, nom, prenom, adresse, cp, ville, categorie) VALUES (2302, 'DUVAL', 'ROBERT', NULL, NULL, 'NICE', NULL);
INSERT INTO Client (numCl, nom, prenom, adresse, cp, ville, categorie) VALUES (2303, 'DUCHEMIN', 'MARIE', NULL, NULL, 'NICE', NULL);
INSERT INTO Client (numCl, nom, prenom, adresse, cp, ville, categorie) VALUES (2304, 'DUJARDIN', 'FRANCOIS', NULL, NULL, 'AIX', 'PRIVILEGIE');

-- Table OptionV
INSERT INTO OptionV (code, libelle) VALUES (10, 'VISITE GUIDEE');
INSERT INTO OptionV (code, libelle) VALUES (11, 'VISITE EN MINI-BUS');
INSERT INTO OptionV (code, libelle) VALUES (12, 'PISCINE');
INSERT INTO OptionV (code, libelle) VALUES (13, 'GARDERIE ENFANT');
INSERT INTO OptionV (code, libelle) VALUES (15, 'SAFARI PHOTO');
INSERT INTO OptionV (code, libelle) VALUES (16, 'SAFARI DECOUVERTE');
INSERT INTO OptionV (code, libelle) VALUES (20, 'SAUNA');
INSERT INTO OptionV (code, libelle) VALUES (21, 'PLAGE PRIVEE');
INSERT INTO OptionV (code, libelle) VALUES (22, 'TERRASSE PRIVATIVE');
INSERT INTO OptionV (code, libelle) VALUES (23, 'BAGAGERIE');
INSERT INTO OptionV (code, libelle) VALUES (24, 'JACUZZI');

-- Table Planning
INSERT INTO Planning (idV, dateDep, tarif) VALUES (100, '2004-05-04', 470);
INSERT INTO Planning (idV, dateDep, tarif) VALUES (100, '2004-06-05', 470);
INSERT INTO Planning (idV, dateDep, tarif) VALUES (857, '2004-05-04', 370);
INSERT INTO Planning (idV, dateDep, tarif) VALUES (857, '2004-05-15', 370);
INSERT INTO Planning (idV, dateDep, tarif) VALUES (857, '2004-06-03', 390);
INSERT INTO Planning (idV, dateDep, tarif) VALUES (857, '2004-06-18', 390);
INSERT INTO Planning (idV, dateDep, tarif) VALUES (857, '2004-07-04', 500);
INSERT INTO Planning (idV, dateDep, tarif) VALUES (857, '2004-07-10', 500);
INSERT INTO Planning (idV, dateDep, tarif) VALUES (857, '2004-08-02', 500);
INSERT INTO Planning (idV, dateDep, tarif) VALUES (857, '2004-08-10', 500);
INSERT INTO Planning (idV, dateDep, tarif) VALUES (857, '2004-08-14', 500);
INSERT INTO Planning (idV, dateDep, tarif) VALUES (857, '2004-08-21', 500);
INSERT INTO Planning (idV, dateDep, tarif) VALUES (857, '2004-09-04', 390);
INSERT INTO Planning (idV, dateDep, tarif) VALUES (927, '2004-05-07', 420);
INSERT INTO Planning (idV, dateDep, tarif) VALUES (927, '2004-07-10', 490);
INSERT INTO Planning (idV, dateDep, tarif) VALUES (927, '2004-07-17', 490);
INSERT INTO Planning (idV, dateDep, tarif) VALUES (927, '2004-07-23', 490);
INSERT INTO Planning (idV, dateDep, tarif) VALUES (927, '2004-06-10', 420);
INSERT INTO Planning (idV, dateDep, tarif) VALUES (927, '2004-08-01', 490);
INSERT INTO Planning (idV, dateDep, tarif) VALUES (122, '2004-04-05', 448);
INSERT INTO Planning (idV, dateDep, tarif) VALUES (122, '2004-05-15', 448);
INSERT INTO Planning (idV, dateDep, tarif) VALUES (122, '2004-06-20', 490);
INSERT INTO Planning (idV, dateDep, tarif) VALUES (122, '2004-07-01', 530);
INSERT INTO Planning (idV, dateDep, tarif) VALUES (122, '2004-08-02', 530);
INSERT INTO Planning (idV, dateDep, tarif) VALUES (122, '2004-09-11', 490);
INSERT INTO Planning (idV, dateDep, tarif) VALUES (122, '2004-10-01', 450);
INSERT INTO Planning (idV, dateDep, tarif) VALUES (122, '2004-11-02', 423);
INSERT INTO Planning (idV, dateDep, tarif) VALUES (122, '2004-12-17', 450);
INSERT INTO Planning (idV, dateDep, tarif) VALUES (122, '2005-01-04', 405);
INSERT INTO Planning (idV, dateDep, tarif) VALUES (354, '2004-05-04', 999);
INSERT INTO Planning (idV, dateDep, tarif) VALUES (354, '2004-06-03', 999);
INSERT INTO Planning (idV, dateDep, tarif) VALUES (354, '2004-06-11', 999);
INSERT INTO Planning (idV, dateDep, tarif) VALUES (952, '2004-06-13', 890);
INSERT INTO Planning (idV, dateDep, tarif) VALUES (952, '2004-05-11', 890);
INSERT INTO Planning (idV, dateDep, tarif) VALUES (952, '2004-04-23', 890);
INSERT INTO Planning (idV, dateDep, tarif) VALUES (972, '2004-04-13', 179);
INSERT INTO Planning (idV, dateDep, tarif) VALUES (972, '2004-05-15', 179);
INSERT INTO Planning (idV, dateDep, tarif) VALUES (972, '2004-05-30', 179);
INSERT INTO Planning (idV, dateDep, tarif) VALUES (972, '2004-06-10', 199);
INSERT INTO Planning (idV, dateDep, tarif) VALUES (972, '2004-06-17', 199);
INSERT INTO Planning (idV, dateDep, tarif) VALUES (792, '2004-04-13', 299);
INSERT INTO Planning (idV, dateDep, tarif) VALUES (792, '2004-04-20', 299);
INSERT INTO Planning (idV, dateDep, tarif) VALUES (792, '2004-05-02', 299);
INSERT INTO Planning (idV, dateDep, tarif) VALUES (792, '2004-05-15', 299);
INSERT INTO Planning (idV, dateDep, tarif) VALUES (792, '2004-06-01', 325);
INSERT INTO Planning (idV, dateDep, tarif) VALUES (792, '2004-06-12', 325);
INSERT INTO Planning (idV, dateDep, tarif) VALUES (792, '2004-06-21', 325);
INSERT INTO Planning (idV, dateDep, tarif) VALUES (792, '2004-07-01', 352);
INSERT INTO Planning (idV, dateDep, tarif) VALUES (792, '2004-07-10', 352);
INSERT INTO Planning (idV, dateDep, tarif) VALUES (792, '2004-07-21', 352);
INSERT INTO Planning (idV, dateDep, tarif) VALUES (792, '2004-08-01', 352);
INSERT INTO Planning (idV, dateDep, tarif) VALUES (792, '2004-08-13', 352);
INSERT INTO Planning (idV, dateDep, tarif) VALUES (792, '2004-08-22', 352);
INSERT INTO Planning (idV, dateDep, tarif) VALUES (792, '2004-09-01', 325);
INSERT INTO Planning (idV, dateDep, tarif) VALUES (792, '2004-09-10', 325);
INSERT INTO Planning (idV, dateDep, tarif) VALUES (105, '2003-08-18', 825);
INSERT INTO Planning (idV, dateDep, tarif) VALUES (105, '2003-09-20', 825);
INSERT INTO Planning (idV, dateDep, tarif) VALUES (105, '2003-10-18', 825);
INSERT INTO Planning (idV, dateDep, tarif) VALUES (105, '2003-11-18', 825);
INSERT INTO Planning (idV, dateDep, tarif) VALUES (105, '2003-11-23', 925);
INSERT INTO Planning (idV, dateDep, tarif) VALUES (105, '2004-01-10', 825);
INSERT INTO Planning (idV, dateDep, tarif) VALUES (792, '2004-10-01', 325);
INSERT INTO Planning (idV, dateDep, tarif) VALUES (792, '2004-11-01', 300);
INSERT INTO Planning (idV, dateDep, tarif) VALUES (792, '2004-12-01', 300);
INSERT INTO Planning (idV, dateDep, tarif) VALUES (792, '2004-12-22', 375);
INSERT INTO Planning (idV, dateDep, tarif) VALUES (861, '2003-08-15', 605);
INSERT INTO Planning (idV, dateDep, tarif) VALUES (862, '2003-08-15', 575);
INSERT INTO Planning (idV, dateDep, tarif) VALUES (862, '2003-08-22', 575);
INSERT INTO Planning (idV, dateDep, tarif) VALUES (862, '2003-09-15', 500);
INSERT INTO Planning (idV, dateDep, tarif) VALUES (862, '2003-10-01', 475);
INSERT INTO Planning (idV, dateDep, tarif) VALUES (860, '2003-05-15', 275);
INSERT INTO Planning (idV, dateDep, tarif) VALUES (860, '2003-06-17', 300);
INSERT INTO Planning (idV, dateDep, tarif) VALUES (860, '2003-07-15', 325);
INSERT INTO Planning (idV, dateDep, tarif) VALUES (860, '2003-07-01', 325);
INSERT INTO Planning (idV, dateDep, tarif) VALUES (860, '2003-07-05', 325);
INSERT INTO Planning (idV, dateDep, tarif) VALUES (860, '2003-08-05', 325);
INSERT INTO Planning (idV, dateDep, tarif) VALUES (867, '2004-04-05', 305);
INSERT INTO Planning (idV, dateDep, tarif) VALUES (867, '2004-05-15', 325);
INSERT INTO Planning (idV, dateDep, tarif) VALUES (869, '2004-08-07', 315);
INSERT INTO Planning (idV, dateDep, tarif) VALUES (955, '2004-02-14', 899);

-- Table Carac
INSERT INTO Carac (idV, code, prix) VALUES (354, 16, 36);
INSERT INTO Carac (idV, code, prix) VALUES (354, 15, 36);
INSERT INTO Carac (idV, code, prix) VALUES (869, 23, NULL);
INSERT INTO Carac (idV, code, prix) VALUES (867, 23, NULL);
INSERT INTO Carac (idV, code, prix) VALUES (952, 16, 45);
INSERT INTO Carac (idV, code, prix) VALUES (952, 15, 45);
INSERT INTO Carac (idV, code, prix) VALUES (952, 12, NULL);
INSERT INTO Carac (idV, code, prix) VALUES (952, 22, NULL);
INSERT INTO Carac (idV, code, prix) VALUES (354, 12, NULL);
INSERT INTO Carac (idV, code, prix) VALUES (354, 23, NULL);
INSERT INTO Carac (idV, code, prix) VALUES (354, 24, NULL);
INSERT INTO Carac (idV, code, prix) VALUES (100, 13, 10);
INSERT INTO Carac (idV, code, prix) VALUES (100, 20, 5.5);
INSERT INTO Carac (idV, code, prix) VALUES (105, 13, NULL);
INSERT INTO Carac (idV, code, prix) VALUES (120, 13, NULL);
INSERT INTO Carac (idV, code, prix) VALUES (100, 22, NULL);
INSERT INTO Carac (idV, code, prix) VALUES (927, 11, 35);
INSERT INTO Carac (idV, code, prix) VALUES (857, 11, 35);
INSERT INTO Carac (idV, code, prix) VALUES (857, 12, NULL);
INSERT INTO Carac (idV, code, prix) VALUES (857, 13, NULL);
INSERT INTO Carac (idV, code, prix) VALUES (857, 20, NULL);
INSERT INTO Carac (idV, code, prix) VALUES (105, 12, NULL);
INSERT INTO Carac (idV, code, prix) VALUES (110, 12, NULL);
INSERT INTO Carac (idV, code, prix) VALUES (120, 12, NULL);
INSERT INTO Carac (idV, code, prix) VALUES (862, 16, 40);
INSERT INTO Carac (idV, code, prix) VALUES (862, 21, NULL);
INSERT INTO Carac (idV, code, prix) VALUES (860, 12, NULL);
INSERT INTO Carac (idV, code, prix) VALUES (860, 10, 10);
INSERT INTO Carac (idV, code, prix) VALUES (860, 13, NULL);
INSERT INTO Carac (idV, code, prix) VALUES (860, 23, NULL);

-- Table Reservation
INSERT INTO Reservation (numCl, idV, dateDep, nbPers, dateRes) VALUES (2107, 122, '2004-06-20', 2, '2004-03-25');
INSERT INTO Reservation (numCl, idV, dateDep, nbPers, dateRes) VALUES (2101, 122, '2004-06-20', 1, '2004-04-20');
INSERT INTO Reservation (numCl, idV, dateDep, nbPers, dateRes) VALUES (2110, 122, '2004-06-20', 2, '2004-02-12');
INSERT INTO Reservation (numCl, idV, dateDep, nbPers, dateRes) VALUES (2124, 122, '2004-08-02', 2, '2004-03-14');
INSERT INTO Reservation (numCl, idV, dateDep, nbPers, dateRes) VALUES (2122, 122, '2004-10-01', 2, '2004-07-24');
INSERT INTO Reservation (numCl, idV, dateDep, nbPers, dateRes) VALUES (2118, 354, '2004-06-11', 1, '2003-12-22');
INSERT INTO Reservation (numCl, idV, dateDep, nbPers, dateRes) VALUES (2118, 857, '2004-05-04', 1, '2004-01-22');
INSERT INTO Reservation (numCl, idV, dateDep, nbPers, dateRes) VALUES (2110, 857, '2004-05-04', 1, '2004-01-22');
INSERT INTO Reservation (numCl, idV, dateDep, nbPers, dateRes) VALUES (2102, 860, '2003-06-17', 2, '2002-12-05');
INSERT INTO Reservation (numCl, idV, dateDep, nbPers, dateRes) VALUES (2103, 860, '2003-07-15', 2, '2002-12-05');
INSERT INTO Reservation (numCl, idV, dateDep, nbPers, dateRes) VALUES (2102, 862, '2003-10-01', 1, '2003-07-05');
INSERT INTO Reservation (numCl, idV, dateDep, nbPers, dateRes) VALUES (2111, 862, '2003-09-15', 2, '2003-05-25');
INSERT INTO Reservation (numCl, idV, dateDep, nbPers, dateRes) VALUES (2101, 857, '2004-05-04', 2, '2003-12-10');
INSERT INTO Reservation (numCl, idV, dateDep, nbPers, dateRes) VALUES (2104, 857, '2004-05-04', 3, '2004-01-04');
INSERT INTO Reservation (numCl, idV, dateDep, nbPers, dateRes) VALUES (2121, 857, '2004-05-04', 2, '2004-01-10');
INSERT INTO Reservation (numCl, idV, dateDep, nbPers, dateRes) VALUES (2125, 857, '2004-05-04', 1, '2003-11-08');
INSERT INTO Reservation (numCl, idV, dateDep, nbPers, dateRes) VALUES (2117, 100, '2004-06-05', 2, '2003-12-05');
INSERT INTO Reservation (numCl, idV, dateDep, nbPers, dateRes) VALUES (2107, 105, '2003-10-18', 2, '2003-09-25');
INSERT INTO Reservation (numCl, idV, dateDep, nbPers, dateRes) VALUES (2109, 105, '2003-11-23', 4, '2003-09-23');
INSERT INTO Reservation (numCl, idV, dateDep, nbPers, dateRes) VALUES (2113, 105, '2003-11-23', 1, '2003-07-17');
INSERT INTO Reservation (numCl, idV, dateDep, nbPers, dateRes) VALUES (2111, 354, '2004-05-04', 2, '2002-01-14');
INSERT INTO Reservation (numCl, idV, dateDep, nbPers, dateRes) VALUES (2119, 354, '2004-05-04', 2, '2004-02-07');
INSERT INTO Reservation (numCl, idV, dateDep, nbPers, dateRes) VALUES (2111, 354, '2004-06-03', 2, '2003-03-20');
INSERT INTO Reservation (numCl, idV, dateDep, nbPers, dateRes) VALUES (2120, 354, '2004-06-11', 1, '2004-03-05');
INSERT INTO Reservation (numCl, idV, dateDep, nbPers, dateRes) VALUES (2102, 354, '2004-06-11', 1, '2004-01-30');
INSERT INTO Reservation (numCl, idV, dateDep, nbPers, dateRes) VALUES (2110, 354, '2004-06-11', 1, '2003-12-22');
INSERT INTO Reservation (numCl, idV, dateDep, nbPers, dateRes) VALUES (2109, 867, '2004-04-05', 1, '2004-01-22');
INSERT INTO Reservation (numCl, idV, dateDep, nbPers, dateRes) VALUES (2120, 869, '2004-08-07', 2, '2004-06-13');
INSERT INTO Reservation (numCl, idV, dateDep, nbPers, dateRes) VALUES (2201, 867, '2004-04-05', 1, '2004-01-13');
INSERT INTO Reservation (numCl, idV, dateDep, nbPers, dateRes) VALUES (2201, 869, '2004-08-07', 1, '2004-04-03');
INSERT INTO Reservation (numCl, idV, dateDep, nbPers, dateRes) VALUES (2202, 869, '2004-08-07', 1, '2004-06-25');
INSERT INTO Reservation (numCl, idV, dateDep, nbPers, dateRes) VALUES (2203, 867, '2004-05-15', 1, '2004-03-23');
